Nombre,Cuotas,Fecha
Brynn,41,03/09/2005
Lucius,26,28/08/2006
Merritt,8,27/06/2005
Germane,29,10/07/2007
Wyoming,19,30/09/2019
Kylynn,46,12/02/2012
Chadwick,39,05/03/2010
Lance,37,04/03/2008
Erica,38,11/02/2007
Beverly,35,09/11/2019
Inez,9,09/10/2014
Dane,23,20/02/2016
Shaeleigh,6,06/10/2014
Emma,9,11/05/2017
Chadwick,23,22/01/2017
Dolan,17,03/01/2015
Devin,25,03/08/2001
Cassidy,21,08/03/2019
Lysandra,23,25/10/2016
Slade,18,25/04/2018
Cadman,31,28/05/2013
Gregory,18,16/11/2009
Quail,46,21/06/2016
Beck,47,23/05/2014
Kylynn,33,18/04/2002
Brady,2,16/06/2006
Genevieve,27,30/10/2011
Camden,34,28/03/2016
Bethany,44,07/07/2016
Dominique,9,08/01/2001
Perry,36,23/10/2009
Orlando,28,16/12/2010
Caesar,22,14/10/2004
Ali,8,25/10/2002
Raymond,46,18/02/2006
Christopher,41,06/12/2001
Rhiannon,16,21/01/2013
Howard,29,10/05/2001
Ila,41,30/12/2013
Courtney,35,24/03/2004
Debra,46,17/12/2004
Elizabeth,11,25/06/2011
Ferris,21,23/03/2012
Abdul,18,29/05/2003
Jillian,25,22/11/2020
Barbara,27,13/02/2019
Willow,40,05/08/2009
Harding,22,30/08/2007
Piper,13,10/02/2020
Cassidy,2,28/11/2006
Blossom,40,26/02/2017
Kirby,46,18/12/2020
Natalie,31,04/03/2020
Rebecca,25,19/07/2004
Nissim,10,02/08/2005
Chaney,24,16/10/2010
Rama,41,29/03/2016
Xander,19,02/03/2003
Lydia,24,12/09/2016
Walter,46,03/02/2008
Stuart,9,11/11/2005
Simone,33,10/06/2002
Hashim,14,27/01/2009
Tanya,17,15/01/2004
Emery,13,12/05/2013
Haviva,20,07/10/2003
Ingrid,29,23/03/2003
Tate,2,02/09/2009
Honorato,18,18/07/2008
Zena,12,06/02/2002
Celeste,5,05/01/2003
Adrienne,21,15/02/2002
Daniel,47,23/08/2006
Jeremy,24,04/09/2015
Mia,19,01/03/2003
Eliana,10,26/11/2004
Isaiah,43,23/11/2005
Caesar,31,05/03/2004
Aileen,23,06/08/2015
Macaulay,34,23/06/2011
Savannah,26,15/04/2021
Amelia,7,03/08/2004
Gavin,42,13/03/2016
Whitney,8,17/03/2011
Wayne,5,29/09/2015
Ulysses,14,11/01/2005
Adele,6,23/07/2019
Len,35,11/06/2007
Fritz,25,13/06/2005
Slade,39,12/06/2013
Channing,11,01/09/2005
Kylan,30,12/12/2010
Francis,8,25/04/2001
Yolanda,45,23/04/2013
Raymond,38,03/03/2001
Carla,46,06/05/2001
Jordan,35,05/10/2011
Austin,31,25/12/2020
Moses,23,19/03/2013
Hyacinth,4,24/07/2002
Ina,21,18/07/2017
Phelan,3,05/09/2017
Lucy,31,28/12/2015
Damon,13,24/07/2019
Quentin,13,10/11/2015
Kelly,24,26/06/2013
Mechelle,28,17/03/2018
Lisandra,8,16/12/2001
Bruce,17,26/08/2002
Carter,10,29/12/2001
Hashim,4,11/12/2012
Oscar,20,20/02/2013
Ross,18,01/12/2018
Ruby,28,18/06/2005
Harding,20,13/11/2010
Clayton,20,25/05/2006
Nash,16,27/10/2001
Sean,37,20/08/2008
Eric,11,01/03/2007
Emily,20,03/02/2009
Garth,11,28/12/2013
Hedwig,43,03/09/2016
Roth,24,31/10/2014
Jordan,35,05/01/2021
Axel,44,17/10/2007
Channing,38,17/06/2018
Nomlanga,39,23/02/2020
Jin,15,23/01/2007
Buffy,38,21/10/2015
Serena,48,10/02/2006
Tyrone,21,16/05/2007
Plato,25,01/01/2018
Jason,8,13/11/2003
Travis,11,05/10/2003
Silas,47,12/07/2008
Camilla,13,02/06/2015
Zeus,29,26/12/2009
Jonah,35,19/04/2021
Ryan,20,10/04/2014
Lamar,38,19/05/2004
Lacey,41,23/04/2010
Luke,24,01/05/2012
Carol,42,31/12/2017
Cailin,33,26/12/2013
Rana,11,29/03/2013
Seth,27,26/07/2002
Leila,41,12/03/2008
Ezekiel,38,24/02/2008
Honorato,32,24/07/2004
Alice,25,01/08/2017
Harriet,43,22/08/2006
Alisa,37,25/09/2014
Myles,9,27/07/2008
Cade,36,19/10/2001
Uta,45,23/06/2009
Geoffrey,45,02/05/2014
Austin,30,05/02/2018
Isabelle,10,22/09/2018
Constance,18,23/05/2019
Lael,40,27/11/2012
Latifah,8,11/03/2021
Keegan,27,19/09/2003
Wilma,14,22/04/2020
Rhoda,24,13/11/2010
Shoshana,22,26/04/2014
Brendan,35,09/10/2013
Michelle,20,12/08/2011
Kim,10,04/03/2007
Vera,24,19/05/2010
Gregory,23,09/05/2018
Alexander,35,18/10/2007
Salvador,16,21/11/2013
Xanthus,46,21/09/2005
Wylie,38,22/03/2014
Alfreda,36,23/03/2004
Portia,44,08/12/2017
Clio,33,11/09/2010
Felix,37,25/01/2007
Vera,45,12/06/2018
Evan,46,13/12/2011
Demetrius,27,01/10/2015
Zachary,25,18/01/2009
Ezekiel,14,27/12/2010
Branden,36,18/06/2011
Cameron,4,12/11/2019
Dalton,25,07/10/2010
Xanthus,9,22/03/2005
Madonna,47,06/12/2004
Jack,47,29/03/2007
Rooney,3,23/11/2011
Tarik,23,30/07/2010
Neil,42,01/02/2009
Laurel,12,10/06/2018
Hu,25,03/07/2020
Kim,21,11/11/2004
Jade,46,27/02/2012
Alma,46,16/05/2012
Lilah,38,21/08/2002
Jason,7,26/04/2006
Brent,48,15/08/2009